Country,Full Domain URL
Australia,https://www.islamicfinder.org/
Australia,https://mosque-finder.com.au/
Australia,https://app.muslimpro.com/
Australia,https://awqat.live/
Australia,https://www.salahtimes.com/
Australia,https://athanpro.com/
Australia,https://prayertimes.one/
Australia,https://www.dawateislami.net/
Australia,https://prayertimes.date/
Australia,https://en.wikipedia.org/
Australia,https://islamicfinder.org/
Australia,https://salahtimes.com/
Australia,https://dawateislami.net/
Australia,https://hamariweb.com/
Australia,https://www.urdupoint.com/
Australia,https://timesprayer.org/
Australia,https://www.prayertime.online/
Australia,https://aslainc.org.au/
Australia,https://www.uma.org.au/
Australia,https://icv.org.au/
Australia,https://www.al-habib.info/
Australia,https://urdupoint.com/
Australia,https://prayertime.online/
Australia,https://uma.org.au/
Australia,https://al-habib.info/
Australia,https://salaah-times.com/
Australia,https://isubqo.com/
Australia,https://salattimes.com/
Australia,https://prayerazan.com/
Australia,https://www.rmit.edu.au/
Australia,https://salah.com/
Australia,https://www.muslim-expert.app/
Australia,https://www.prayertimesapp.com/
Australia,https://www.namazzamani.net/
Australia,https://rmit.edu.au/
Australia,https://muslim-expert.app/
Australia,https://prayertimesapp.com/
Australia,https://namazzamani.net/
Australia,https://www.quranbookk.com/
Australia,https://www.prayerstimings.com/
Australia,https://www.muis.gov.sg/
Australia,https://praytime.info/
Australia,https://www.satsang.org.in/
Australia,https://sydneyprayertimes.com/
Australia,https://quranbookk.com/
Australia,https://prayerstimings.com/
Australia,https://muis.gov.sg/
Australia,https://satsang.org.in/
Australia,https://www.youtube.com/
Australia,https://www.khaleejtimes.com/
Australia,https://www.southportmosque.com.au/
Australia,https://timesprayer.com/
Australia,https://fianz.com/
Australia,https://quwwateducationcentre.org.uk/
Australia,https://www.islamic-relief.org.uk/
Australia,https://34.4K+/
Australia,https://khaleejtimes.com/
Australia,https://southportmosque.com.au/
Australia,https://48.3M+/
Australia,https://islamic-relief.org.uk/
Austria,https://www.islamicfinder.org/
Austria,https://masjidbox.com/
Austria,https://en.izwien.at/
Austria,https://timesprayer.com/
Austria,https://athanpro.com/
Austria,https://app.muslimpro.com/
Austria,https://www.ikg-wien.at/
Austria,https://www.edarabia.com/
Austria,https://salah.com/
Austria,https://aladhan.com/
Austria,https://de.wikipedia.org/
Austria,https://islamicfinder.org/
Austria,https://ikg-wien.at/
Austria,https://edarabia.com/
Austria,https://praytime.info/
Austria,https://www.salahtimes.com/
Austria,https://muslimandquran.com/
Austria,https://prayertim.es/
Austria,https://mawaqit.net/
Austria,https://prayertimes.date/
Austria,https://www.awqaf.gov.ae/
Austria,https://timesprayer.org/
Austria,https://salahtimes.com/
Austria,https://awqaf.gov.ae/
Austria,https://www.meteo.tn/
Austria,https://islamchannel.tv/
Austria,https://en.wikipedia.org/
Austria,https://www.khaleejtimes.com/
Austria,https://www.aishamosque.org/
Austria,https://www.prayertime.online/
Austria,https://www.uma.org.au/
Austria,https://greenlanemasjid.org/
Austria,https://meteo.tn/
Austria,https://khaleejtimes.com/
Austria,https://aishamosque.org/
Austria,https://prayertime.online/
Austria,https://uma.org.au/
Austria,https://hamariweb.com/
Austria,https://fianz.com/
Austria,https://www.islamiccentre.at/
Austria,https://windsorislamicassociation.com/
Austria,https://www.qib.com.qa/
Austria,https://www.urdupoint.com/
Austria,https://prayerazan.com/
Austria,https://salaah-times.com/
Austria,https://islamiccentre.at/
Austria,https://qib.com.qa/
Austria,https://urdupoint.com/
Austria,https://en.salatey.com/
Austria,https://isubqo.com/
Austria,https://ziacademy.org/
Austria,https://www.prayertime.net/
Austria,https://www.prayerstimings.com/
Austria,https://www.prayertimes.cc/
Austria,https://prayertime.net/
Austria,https://prayerstimings.com/
Austria,https://prayertimes.cc/
Canada,https://www.islamicfinder.org/
Canada,https://org.thebcma.com/
Canada,https://prayertimes.one/
Canada,https://app.muslimpro.com/
Canada,https://www.edarabia.com/
Canada,https://www.salahtimes.com/
Canada,https://aladhan.com/
Canada,https://muslimandquran.com/
Canada,https://hamariweb.com/
Canada,https://www.dawateislami.net/
Canada,https://en.wikipedia.org/
Canada,https://islamicfinder.org/
Canada,https://edarabia.com/
Canada,https://salahtimes.com/
Canada,https://dawateislami.net/
Canada,https://www.urdupoint.com/
Canada,https://prayertimes.date/
Canada,https://timesprayer.com/
Canada,https://www.prayertime.online/
Canada,https://www.al-habib.info/
Canada,https://www.prayertimes.cc/
Canada,https://salaah-times.com/
Canada,https://timesprayer.org/
Canada,https://urdupoint.com/
Canada,https://prayertime.online/
Canada,https://al-habib.info/
Canada,https://prayertimes.cc/
Canada,https://www.islamicreliefcanada.org/
Canada,https://salah.com/
Canada,https://masjidbox.com/
Canada,https://islamictimedate.com/
Canada,https://mawaqitalsalah.com/
Canada,https://www.muslimwellness.ca/
Canada,https://islamicreliefcanada.org/
Canada,https://muslimwellness.ca/
Canada,https://iqamah.ca/
Canada,https://www.ahmadiyya.ca/
Canada,https://www.markaz.ca/
Canada,https://www.isnacanada.com/
Canada,https://www.galaxystream.com/
Canada,https://www.islamicfoundation.ca/
Canada,https://ahmadiyya.ca/
Canada,https://markaz.ca/
Canada,https://isnacanada.com/
Canada,https://galaxystream.com/
Canada,https://islamicfoundation.ca/
Canada,https://islamiccenter.sk.ca/
Canada,https://www.localprayer.com/
Canada,https://www.mymasjid.ca/
Canada,https://muslimscalgary.ca/
Canada,https://ziacademy.org/
Canada,https://praytime.info/
Canada,https://www.muis.gov.sg/
Canada,https://www.satsang.org.in/
Canada,https://www.qib.com.qa/
Canada,https://localprayer.com/
Canada,https://mymasjid.ca/
Canada,https://muis.gov.sg/
Canada,https://satsang.org.in/
Canada,https://qib.com.qa/
Cyprus,https://www.islamicfinder.org/
Cyprus,https://muslimandquran.com/
Cyprus,https://app.muslimpro.com/
Cyprus,https://hamariweb.com/
Cyprus,https://duaruqyah.com/
Cyprus,https://timesprayer.com/
Cyprus,https://salaah-times.com/
Cyprus,https://www.urdupoint.com/
Cyprus,https://en.wikipedia.org/
Cyprus,https://islamicfinder.org/
Cyprus,https://urdupoint.com/
Cyprus,https://athanpro.com/
Cyprus,https://www.khaleejtimes.com/
Cyprus,https://salattimes.com/
Cyprus,https://timesprayer.org/
Cyprus,https://praytime.info/
Cyprus,https://www.islamic-relief.org.uk/
Cyprus,https://gulfnews.com/
Cyprus,https://khaleejtimes.com/
Cyprus,https://islamic-relief.org.uk/
Cyprus,https://salah.com/
Cyprus,https://www.hijria.com/
Cyprus,https://www.islamiccal.com/
Cyprus,https://prayertimes.date/
Cyprus,https://hijria.com/
Cyprus,https://islamiccal.com/
Cyprus,https://prayerazan.com/
Cyprus,https://prayertim.es/
Cyprus,https://www.qib.com.qa/
Cyprus,https://www.muis.gov.sg/
Cyprus,https://www.satsang.org.in/
Cyprus,https://qib.com.qa/
Cyprus,https://muis.gov.sg/
Cyprus,https://satsang.org.in/
Cyprus,https://rojat.com/
Cyprus,https://apps.apple.com/
Cyprus,https://www.awqaf.gov.ae/
Cyprus,https://sajda.com/
Cyprus,https://cambridgecentralmosque.org/
Cyprus,https://awqaf.gov.ae/
Denmark,https://www.islamicfinder.org/
Denmark,https://app.muslimpro.com/
Denmark,https://muslimandquran.com/
Denmark,https://timesprayer.com/
Denmark,https://prayertimes.date/
Denmark,https://www.edarabia.com/
Denmark,https://hamariweb.com/
Denmark,https://prayertim.es/
Denmark,https://islamicfinder.org/
Denmark,https://edarabia.com/
Denmark,https://timesprayer.org/
Denmark,https://www.salahtimes.com/
Denmark,https://duaruqyah.com/
Denmark,https://athanpro.com/
Denmark,https://www.salah.dk/
Denmark,https://aladhan.com/
Denmark,https://prayerazan.com/
Denmark,https://salahtimes.com/
Denmark,https://salah.dk/
Denmark,https://quranonline.net/
Denmark,https://rojat.com/
Denmark,https://www.searchtruth.com/
Denmark,https://www.urdupoint.com/
Denmark,https://salatey.com/
Denmark,https://searchtruth.com/
Denmark,https://urdupoint.com/
Denmark,https://www.quranbookk.com/
Denmark,https://en.salatey.com/
Denmark,https://salah.com/
Denmark,https://praytime.info/
Denmark,https://adan.dk/
Denmark,https://www.bigo.tv/
Denmark,https://gotopray.com/
Denmark,https://www.prayerstimings.com/
Denmark,https://quranbookk.com/
Denmark,https://bigo.tv/
Denmark,https://prayerstimings.com/
Finland,https://www.islamicfinder.org/
Finland,https://aladhan.com/
Finland,https://rabita.fi/
Finland,https://masjidbox.com/
Finland,https://athanpro.com/
Finland,https://www.edarabia.com/
Finland,https://hamariweb.com/
Finland,https://prayertimes.date/
Finland,https://timesprayer.org/
Finland,https://islamicfinder.org/
Finland,https://edarabia.com/
Finland,https://prayertim.es/
Finland,https://en.islamery.com/
Finland,https://muslimandquran.com/
Finland,https://timesprayer.com/
Finland,https://prayertimes.one/
Finland,https://www.salahtimes.com/
Finland,https://www.prayertime.online/
Finland,https://salaah-times.com/
Finland,https://salattimes.com/
Finland,https://salahtimes.com/
Finland,https://prayertime.online/
Finland,https://prayerazan.com/
Finland,https://www.urdupoint.com/
Finland,https://salah.com/
Finland,https://praytime.info/
Finland,https://app.muslimpro.com/
Finland,https://mawaqit.net/
Finland,https://urdupoint.com/
Finland,https://en.wikipedia.org/
Finland,https://namazvakitleri.com.tr/
Finland,https://www.qib.com.qa/
Finland,https://namaz-times.online/
Finland,https://quwwateducationcentre.org.uk/
Finland,https://www.prayerstimings.com/
Finland,https://www.khaleejtimes.com/
Finland,https://qib.com.qa/
Finland,https://prayerstimings.com/
Finland,https://khaleejtimes.com/
France,https://www.islamicfinder.org/
France,https://mawaqit.net/
France,https://app.muslimpro.com/
France,https://timesprayer.com/
France,https://salah.com/
France,https://www.edarabia.com/
France,https://athanpro.com/
France,https://fr.wikipedia.org/
France,https://islamicfinder.org/
France,https://edarabia.com/
Germany,https://www.islamicfinder.org/
Germany,https://timesprayer.com/
Germany,https://www.edarabia.com/
Germany,https://muslimandquran.com/
Germany,https://aladhan.com/
Germany,https://hamariweb.com/
Germany,https://app.muslimpro.com/
Germany,https://www.salahtimes.com/
Germany,https://prayertimes.date/
Germany,https://isubqo.com/
Germany,https://en.wikipedia.org/
Germany,https://islamicfinder.org/
Germany,https://edarabia.com/
Germany,https://salahtimes.com/
Germany,https://www.urdupoint.com/
Germany,https://prayertim.es/
Germany,https://timesprayer.org/
Germany,https://praywatch.islamicity.org/
Germany,https://salaah-times.com/
Germany,https://prayertimes.one/
Germany,https://www.prayertime.online/
Germany,https://urdupoint.com/
Germany,https://prayertime.online/
Germany,https://mawaqit.net/
Germany,https://salah.com/
Germany,https://www.prayerstimings.com/
Germany,http://germany.prayertiming.net/
Germany,https://praytime.info/
Germany,https://prayerstimings.com/
Germany,https://www.qib.com.qa/
Germany,https://www.muis.gov.sg/
Germany,https://www.khaleejtimes.com/
Germany,https://www.satsang.org.in/
Germany,https://islamuna.com/
Germany,https://islamchannel.tv/
Germany,https://quwwateducationcentre.org.uk/
Germany,https://www.islamic-relief.org.uk/
Germany,https://qib.com.qa/
Germany,https://muis.gov.sg/
Germany,https://khaleejtimes.com/
Germany,https://satsang.org.in/
Germany,https://islamic-relief.org.uk/
Germany,https://www.awqaf.gov.ae/
Germany,https://salattimes.com/
Germany,https://cambridgecentralmosque.org/
Germany,https://praytimes.today/
Germany,https://www.aishamosque.org/
Germany,https://www.youtube.com/
Germany,https://www.uma.org.au/
Germany,https://greenlanemasjid.org/
Germany,https://awqaf.gov.ae/
Germany,https://aishamosque.org/
Germany,https://Ca./
Germany,https://uma.org.au/
Greece,https://www.islamicfinder.org/
Greece,https://athanpro.com/
Greece,https://app.muslimpro.com/
Greece,https://www.edarabia.com/
Greece,https://www.islamic-relief.org.uk/
Greece,https://salattimes.com/
Greece,https://timesprayer.com/
Greece,https://www.prayertime.online/
Greece,https://timesprayer.org/
Greece,https://el.wikipedia.org/
Greece,https://islamicfinder.org/
Greece,https://edarabia.com/
Greece,https://islamic-relief.org.uk/
Greece,https://prayertime.online/
Greece,https://www.salahtimes.com/
Greece,https://prayertimes.date/
Greece,https://prayerazan.com/
Greece,https://duaruqyah.com/
Greece,https://www.al-hamdoulillah.com/
Greece,https://praywatch.islamicity.org/
Greece,https://salahtimes.com/
Greece,https://al-hamdoulillah.com/
Greece,https://salaah-times.com/
Greece,https://salah.com/
Greece,https://sunsetsunrisetime.com/
Greece,https://www.prayerstimings.com/
Greece,https://praytime.info/
Greece,https://www.qib.com.qa/
Greece,https://prayertim.es/
Greece,https://prayerstimings.com/
Greece,https://qib.com.qa/
Greece,https://en.wikipedia.org/
Greece,https://www.muis.gov.sg/
Greece,https://muslimandquran.com/
Greece,https://islamuna.com/
Greece,https://apps.apple.com/
Greece,https://hamariweb.com/
Greece,https://www.urdupoint.com/
Greece,https://namazvakitleri.diyanet.gov.tr/
Greece,https://isubqo.com/
Greece,https://muis.gov.sg/
Greece,https://urdupoint.com/
Greece,https://quwwateducationcentre.org.uk/
Greece,https://www.awqaf.gov.ae/
Greece,https://www.satsang.org.in/
Greece,https://www.salatimes.com/
Greece,https://pray-times.com/
Greece,https://awqaf.gov.ae/
Greece,https://satsang.org.in/
Greece,https://salatimes.com/
Hungary,https://www.islamicfinder.org/
Hungary,https://mawaqit.net/
Hungary,https://app.muslimpro.com/
Hungary,https://www.edarabia.com/
Hungary,https://timesprayer.org/
Hungary,https://salattimes.com/
Hungary,https://muslimandquran.com/
Hungary,https://hamariweb.com/
Hungary,https://en.wikipedia.org/
Hungary,https://www.islamic-relief.org.uk/
Hungary,https://islamicfinder.org/
Hungary,https://edarabia.com/
Hungary,https://islamic-relief.org.uk/
Hungary,https://prayertimes.date/
Hungary,https://www.salahtimes.com/
Hungary,https://www.aladhan.com/
Hungary,https://isubqo.com/
Hungary,https://prayerazan.com/
Hungary,https://prayertim.es/
Hungary,https://praywatch.islamicity.org/
Hungary,https://www.namazvakti.com/
Hungary,https://salah.com/
Hungary,https://www.salatimes.com/
Hungary,https://salahtimes.com/
Hungary,https://aladhan.com/
Hungary,https://namazvakti.com/
Hungary,https://salatimes.com/
Hungary,https://rojat.com/
Hungary,https://salaah-times.com/
Hungary,https://www.al-hamdoulillah.com/
Hungary,https://www.al-habib.info/
Hungary,https://www.prayertime.net/
Hungary,https://www.prayerstimings.com/
Hungary,https://pray-times.com/
Hungary,https://al-hamdoulillah.com/
Hungary,https://al-habib.info/
Hungary,https://prayertime.net/
Hungary,https://prayerstimings.com/
Hungary,https://www.awqaf.gov.ae/
Hungary,https://namazvakitleri.com.tr/
Hungary,https://www.khaleejtimes.com/
Hungary,https://www.hijria.com/
Hungary,https://praytime.info/
Hungary,https://cambridgecentralmosque.org/
Hungary,https://www.muis.gov.sg/
Hungary,https://awqaf.gov.ae/
Hungary,https://khaleejtimes.com/
Hungary,https://hijria.com/
Hungary,https://muis.gov.sg/
Hungary,https://www.qib.com.qa/
Hungary,https://www.satsang.org.in/
Hungary,https://gulfnews.com/
Hungary,https://www.uma.org.au/
Hungary,https://www.eastlondonmosque.org.uk/
Hungary,http://centralmosque.org.uk/
Hungary,https://qib.com.qa/
Hungary,https://satsang.org.in/
Hungary,https://uma.org.au/
Hungary,https://eastlondonmosque.org.uk/
India,https://www.islamicfinder.org/
India,https://www.prayertime.online/
India,https://www.salahtimes.com/
India,https://www.edarabia.com/
India,https://salattimes.com/
India,https://islamuna.com/
India,https://timesprayer.org/
India,https://hamariweb.com/
India,https://prayertimes.date/
India,https://www.prayertimes.org/
India,https://en.wikipedia.org/
India,https://islamicfinder.org/
India,https://prayertime.online/
India,https://salahtimes.com/
India,https://edarabia.com/
India,https://prayertimes.org/
India,https://www.prayertimes.cc/
India,https://www.urdupoint.com/
India,https://prayertimes.one/
India,https://aladhan.com/
India,https://muslimandquran.com/
India,https://salaah-times.com/
India,https://isubqo.com/
India,https://prayer-times.info/
India,https://salah.com/
India,https://prayertimes.cc/
India,https://urdupoint.com/
India,https://kfoods.com/
India,https://www.satsang.org.in/
India,https://www.prayerstimings.com/
India,https://en.namaz.pro/
India,https://praytime.info/
India,https://islamictimedate.com/
India,https://www.prayertimes.city/
India,https://satsang.org.in/
India,https://prayerstimings.com/
India,https://prayertimes.city/
India,https://www.youtube.com/
India,https://www.qib.com.qa/
India,https://www.alislam.org/
India,https://prayerazan.com/
India,https://pray-times.com/
India,https://www.instagram.com/
India,https://m.economictimes.com/
India,https://360+/
India,https://qib.com.qa/
India,https://alislam.org/
India,https://4.6K+/
India,https://2.8K+/
India,https://www.awqaf.gov.ae/
India,https://ziacademy.org/
India,https://www.muis.gov.sg/
India,https://app.muslimpro.com/
India,https://www.dawateislami.net/
India,https://islamchannel.tv/
India,https://www.khaleejtimes.com/
India,https://awqaf.gov.ae/
India,https://90+/
India,https://muis.gov.sg/
India,https://120+/
India,https://dawateislami.net/
India,https://3.6K+/
India,https://khaleejtimes.com/
Ireland,https://www.islamireland.ie/
Ireland,https://www.islamic-relief.ie/
Ireland,https://islamicfoundation.ie/
Ireland,https://timetable.islamireland.ie/
Ireland,https://www.islamicfinder.org/
Ireland,https://app.muslimpro.com/
Ireland,https://www.mcnd.ie/
Ireland,https://hicc.ie/
Ireland,https://account.muslimpro.com/
Ireland,https://www.utrujj.org/
Ireland,https://masjidbox.com/
Ireland,https://www.edarabia.com/
Ireland,https://timesprayer.com/
Ireland,https://islamireland.ie/
Ireland,https://islamic-relief.ie/
Ireland,https://islamicfinder.org/
Ireland,https://mcnd.ie/
Ireland,https://utrujj.org/
Ireland,https://edarabia.com/
Ireland,https://nmcc.ie/
Ireland,https://gicc.ie/
Ireland,https://timesprayer.org/
Ireland,https://salattimes.com/
Ireland,https://www.khaleejtimes.com/
Ireland,https://timetable.islamicfoundation.ie/
Ireland,https://islamchannel.tv/
Ireland,https://khaleejtimes.com/
Ireland,https://my-masjid.com/
Ireland,https://www.salahtimes.com/
Ireland,https://www.prayertime.online/
Ireland,https://www.urdupoint.com/
Ireland,https://cambridgecentralmosque.org/
Ireland,https://www.awqaf.gov.ae/
Ireland,https://muslimandquran.com/
Ireland,https://aladhan.com/
Ireland,https://salahtimes.com/
Ireland,https://prayertime.online/
Ireland,https://urdupoint.com/
Ireland,https://awqaf.gov.ae/
Ireland,https://prayer-timings.com/
Ireland,https://prayertimes.date/
Ireland,https://prayer-times.info/
Ireland,https://isubqo.com/
Ireland,https://salah.com/
Ireland,https://belfastislamiccentre.org.uk/
Ireland,https://namaz.day/
Ireland,https://salaah-times.com/
Ireland,https://www.prayerstimings.com/
Ireland,https://what-time.net/
Ireland,https://www.qib.com.qa/
Ireland,https://greenlanemasjid.org/
Ireland,https://www.muis.gov.sg/
Ireland,https://prayerstimings.com/
Ireland,https://qib.com.qa/
Ireland,https://muis.gov.sg/
Italy,https://www.islamicfinder.org/
Italy,https://salattimes.com/
Italy,https://timesprayer.com/
Italy,https://hamariweb.com/
Italy,https://timesprayer.org/
Italy,https://www.edarabia.com/
Italy,https://www.salahtimes.com/
Italy,https://prayerazan.com/
Italy,https://mawaqit.net/
Italy,https://it.wikipedia.org/
Italy,https://islamicfinder.org/
Italy,https://edarabia.com/
Italy,https://salahtimes.com/
Italy,https://isubqo.com/
Italy,https://salah.com/
Italy,https://prayertimes.date/
Italy,https://en.islamery.com/
Italy,https://www.prayertime.online/
Italy,https://kfoods.com/
Italy,http://italy.prayertiming.net/
Italy,https://prayertime.online/
Italy,https://praytime.info/
Italy,https://prayertim.es/
Italy,https://www.khaleejtimes.com/
Italy,https://www.muis.gov.sg/
Italy,https://www.orariopreghiera.it/
Italy,https://namaz.io/
Italy,https://www.awqaf.gov.ae/
Italy,https://www.islamic-relief.org.uk/
Italy,https://rojat.com/
Italy,https://khaleejtimes.com/
Italy,https://muis.gov.sg/
Italy,https://orariopreghiera.it/
Italy,https://awqaf.gov.ae/
Italy,https://islamic-relief.org.uk/
Italy,https://app.muslimpro.com/
Italy,https://www.satsang.org.in/
Italy,https://www.hijria.com/
Italy,https://satsang.org.in/
Italy,https://hijria.com/
Italy,https://praytimes.today/
Italy,https://quwwateducationcentre.org.uk/
Italy,https://www.qib.com.qa/
Italy,https://www.uma.org.au/
Italy,http://centralmosque.org.uk/
Italy,https://cambridgecentralmosque.org/
Italy,https://www.eastlondonmosque.org.uk/
Italy,https://ziacademy.org/
Italy,https://www.itsprayertime.com/
Italy,https://qib.com.qa/
Italy,https://uma.org.au/
Italy,https://eastlondonmosque.org.uk/
Italy,https://itsprayertime.com/
Japan,https://www.islamicfinder.org/
Japan,https://app.muslimpro.com/
Japan,https://timesprayer.com/
Japan,https://timesprayer.org/
Japan,http://assalaamfoundation.jp/
Japan,https://www.edarabia.com/
Japan,https://www.prayertime.online/
Japan,https://ja.wikipedia.org/
Japan,https://islamicfinder.org/
Japan,https://edarabia.com/
Japan,https://prayertime.online/
Japan,https://salah.com/
Japan,https://praytime.info/
Japan,https://prayertimes.date/
Japan,https://www.salahtimes.com/
Japan,https://prayerazan.com/
Japan,https://hamariweb.com/
Japan,https://salahtimes.com/
Japan,https://www.awqaf.gov.ae/
Japan,https://prayertimes.one/
Japan,https://prayertim.es/
Japan,https://isubqo.com/
Japan,https://www.uma.org.au/
Japan,https://muslimandquran.com/
Japan,https://praywatch.islamicity.org/
Japan,https://www.muis.gov.sg/
Japan,https://awqaf.gov.ae/
Japan,https://uma.org.au/
Japan,https://muis.gov.sg/
Japan,https://www.satsang.org.in/
Japan,https://www.islamic-relief.org.uk/
Japan,https://www.prayerstimings.com/
Japan,https://prayertime-in.com/
Japan,https://www.khaleejtimes.com/
Japan,https://salah.co.za/
Japan,https://www.prayertimes.org/
Japan,https://satsang.org.in/
Japan,https://islamic-relief.org.uk/
Japan,https://prayerstimings.com/
Japan,https://khaleejtimes.com/
Japan,https://prayertimes.org/
Japan,https://www.dawateislami.net/
Japan,https://www.e-solat.gov.my/
Japan,https://quwwateducationcentre.org.uk/
Japan,https://www.eastlondonmosque.org.uk/
Japan,https://www.urdupoint.com/
Japan,https://en.namaz.pro/
Japan,https://dawateislami.net/
Japan,https://e-solat.gov.my/
Japan,https://eastlondonmosque.org.uk/
Japan,https://urdupoint.com/
Korea South,https://www.islamicfinder.org/
Korea South,https://app.muslimpro.com/
Korea South,https://www.edarabia.com/
Korea South,https://en.wikipedia.org/
Korea South,https://timesprayer.com/
Korea South,https://www.prayertime.online/
Korea South,https://timesprayer.org/
Korea South,https://muslimandquran.com/
Korea South,https://hamariweb.com/
Korea South,https://www.salahtimes.com/
Korea South,https://ko.wikipedia.org/
Korea South,https://islamicfinder.org/
Korea South,https://edarabia.com/
Korea South,https://prayertime.online/
Korea South,https://salahtimes.com/
Korea South,https://prayertimes.date/
Korea South,https://salah.com/
Korea South,https://prayertim.es/
Korea South,https://prayertimes.one/
Korea South,https://aladhan.com/
Korea South,https://www.urdupoint.com/
Korea South,https://urdupoint.com/
Korea South,https://pray-times.com/
Korea South,http://south-korea.prayertiming.net/
Korea South,https://www.qib.com.qa/
Korea South,https://athanpro.com/
Korea South,https://salattimes.com/
Korea South,https://www.khaleejtimes.com/
Korea South,https://islamuna.com/
Korea South,https://isubqo.com/
Korea South,https://qib.com.qa/
Korea South,https://khaleejtimes.com/
Korea South,https://times-prayer.com/
Korea South,https://www.prayerstimings.com/
Korea South,https://www.awqaf.gov.ae/
Korea South,https://praytime.info/
Korea South,https://www.muis.gov.sg/
Korea South,https://www.alislam.org/
Korea South,https://portal.moi.gov.qa/
Korea South,https://www.uma.org.au/
Korea South,https://en.namaz.pro/
Korea South,https://prayerstimings.com/
Korea South,https://awqaf.gov.ae/
Korea South,https://muis.gov.sg/
Korea South,https://alislam.org/
Korea South,https://uma.org.au/
Korea South,https://en.islamery.com/
Korea South,https://www.meteo.tn/
Korea South,https://islamchannel.tv/
Korea South,https://apps.apple.com/
Korea South,https://prayerazan.com/
Korea South,https://www.youtube.com/
Korea South,https://greenlanemasjid.org/
Korea South,https://www.aishamosque.org/
Korea South,https://namaz.io/
Korea South,https://meteo.tn/
Korea South,https://조회수/
Korea South,https://aishamosque.org/
Luxembourg,https://www.islamicfinder.org/
Luxembourg,https://timesprayer.com/
Luxembourg,https://app.muslimpro.com/
Luxembourg,http://russia.prayertiming.net/
Luxembourg,https://www.khaleejtimes.com/
Luxembourg,https://www.islamic-relief.org.uk/
Luxembourg,https://www.edarabia.com/
Luxembourg,https://salah.com/
Luxembourg,https://timesprayer.org/
Luxembourg,https://praytime.info/
Luxembourg,https://islamicfinder.org/
Luxembourg,https://khaleejtimes.com/
Luxembourg,https://islamic-relief.org.uk/
Luxembourg,https://edarabia.com/
Luxembourg,https://hamariweb.com/
Luxembourg,https://eservices.iacad.gov.ae/
Luxembourg,https://gulfnews.com/
Luxembourg,https://namazvakitleri.diyanet.gov.tr/
Luxembourg,https://en.wikipedia.org/
Luxembourg,https://muslimandquran.com/
Luxembourg,https://www.aishamosque.org/
Luxembourg,https://prayertimes.date/
Luxembourg,https://aishamosque.org/
Luxembourg,https://www.awqaf.gov.ae/
Luxembourg,https://www.uma.org.au/
Luxembourg,https://www.meteo.tn/
Luxembourg,https://greenlanemasjid.org/
Luxembourg,https://islamchannel.tv/
Luxembourg,https://www.yorkmosque.com/
Luxembourg,https://athanpro.com/
Luxembourg,https://www.salahtimes.com/
Luxembourg,https://awqaf.gov.ae/
Luxembourg,https://uma.org.au/
Luxembourg,https://meteo.tn/
Luxembourg,https://yorkmosque.com/
Luxembourg,https://salahtimes.com/
Luxembourg,https://fianz.com/
Luxembourg,https://prayertim.es/
Luxembourg,https://www.qib.com.qa/
Luxembourg,https://prayerazan.com/
Luxembourg,https://cambridgecentralmosque.org/
Luxembourg,https://goldenmosque.org/
Luxembourg,https://ic-el.uk/
Luxembourg,https://isubqo.com/
Luxembourg,https://qib.com.qa/
Luxembourg,https://iqamah.ca/
Luxembourg,https://www.urdupoint.com/
Luxembourg,https://aladhan.com/
Luxembourg,https://www.leedsgrandmosque.com/
Luxembourg,https://quwwateducationcentre.org.uk/
Luxembourg,https://prayertime-in.com/
Luxembourg,https://manchestercentralmosque.org/
Luxembourg,https://icdonline.org/
Luxembourg,https://urdupoint.com/
Luxembourg,https://leedsgrandmosque.com/
Malta,https://www.islamicfinder.org/
Malta,https://app.muslimpro.com/
Malta,https://salah.com/
Malta,https://athanpro.com/
Malta,https://muslimandquran.com/
Malta,https://aladhan.com/
Malta,https://praytime.info/
Malta,https://islamicfinder.org/
Malta,https://www.aishamosque.org/
Malta,https://islamchannel.tv/
Malta,https://www.awqaf.gov.ae/
Malta,https://www.khaleejtimes.com/
Malta,https://prayertim.es/
Malta,https://quwwatulislam.org/
Malta,https://www.salahtimes.com/
Malta,https://greenlanemasjid.org/
Malta,https://aishamosque.org/
Malta,https://awqaf.gov.ae/
Malta,https://khaleejtimes.com/
Malta,https://salahtimes.com/
Malta,https://www.meteo.tn/
Malta,https://en.wikipedia.org/
Malta,https://prayertimes.date/
Malta,https://www.uma.org.au/
Malta,https://www.urdupoint.com/
Malta,https://apps.apple.com/
Malta,https://www.islamicreliefcanada.org/
Malta,https://fianz.com/
Malta,https://cambridgecentralmosque.org/
Malta,https://meteo.tn/
Malta,https://uma.org.au/
Malta,https://urdupoint.com/
Malta,https://islamicreliefcanada.org/
Malta,https://www.islamic-relief.org.uk/
Malta,https://alrashidmosque.ca/
Malta,https://www.qib.com.qa/
Malta,https://gulfnews.com/
Malta,https://lewishamislamiccentre.com/
Malta,https://isubqo.com/
Malta,https://www.szgmc.gov.ae/
Malta,https://goldenmosque.org/
Malta,https://mawaqit.net/
Malta,https://eservices.iacad.gov.ae/
Malta,https://islamic-relief.org.uk/
Malta,https://qib.com.qa/
Malta,https://szgmc.gov.ae/
Malta,https://prayerazan.com/
Malta,https://www.iqracentre.org/
Malta,https://windsorislamicassociation.com/
Malta,http://centralmosque.org.uk/
Malta,https://ic-el.uk/
Malta,https://www.icoi.net/
Malta,https://citycentralmosque.org/
Malta,https://www.wise-web.org/
Malta,https://centralmosque.co.uk/
Malta,https://www.yorkmosque.com/
Malta,https://iqracentre.org/
Malta,https://icoi.net/
Malta,https://wise-web.org/
Malta,https://yorkmosque.com/
Netherlands,https://www.islamicfinder.org/
Netherlands,https://aladhan.com/
Netherlands,https://www.edarabia.com/
Netherlands,https://app.muslimpro.com/
Netherlands,https://timesprayer.com/
Netherlands,https://hamariweb.com/
Netherlands,https://www.salahtimes.com/
Netherlands,https://prayertimes.one/
Netherlands,https://prayertimes.date/
Netherlands,https://en.wikipedia.org/
Netherlands,https://islamicfinder.org/
Netherlands,https://edarabia.com/
Netherlands,https://salahtimes.com/
Netherlands,https://salattimes.com/
Netherlands,https://www.prayertimes.cc/
Netherlands,https://isubqo.com/
Netherlands,https://timesprayer.org/
Netherlands,https://www.prayertime.online/
Netherlands,https://salaah-times.com/
Netherlands,https://www.prayertime.net/
Netherlands,https://www.moskeewageningen.nl/
Netherlands,https://prayertimes.cc/
Netherlands,https://prayertime.online/
Netherlands,https://prayertime.net/
Netherlands,https://moskeewageningen.nl/
Netherlands,https://muslimandquran.com/
Netherlands,https://salatey.com/
Netherlands,https://salah.com/
Netherlands,https://athanpro.com/
Netherlands,https://www.prayerstimings.com/
Netherlands,https://mawaqit.net/
Netherlands,https://prayerstimings.com/
Netherlands,https://prayertim.es/
Netherlands,https://islamchannel.tv/
Netherlands,https://www.qib.com.qa/
Netherlands,https://www.aishamosque.org/
Netherlands,https://praytime.info/
Netherlands,https://greenlanemasjid.org/
Netherlands,https://cambridgecentralmosque.org/
Netherlands,https://qib.com.qa/
Netherlands,https://aishamosque.org/
Netherlands,https://www.muis.gov.sg/
Netherlands,https://www.islamic-relief.org.uk/
Netherlands,https://www.awqaf.gov.ae/
Netherlands,https://quwwateducationcentre.org.uk/
Netherlands,https://www.quranbookk.com/
Netherlands,https://www.meteo.tn/
Netherlands,http://centralmosque.org.uk/
Netherlands,https://www.satsang.org.in/
Netherlands,http://www.abubakrmasjid.net/
Netherlands,https://muis.gov.sg/
Netherlands,https://islamic-relief.org.uk/
Netherlands,https://awqaf.gov.ae/
Netherlands,https://quranbookk.com/
Netherlands,https://meteo.tn/
Netherlands,https://satsang.org.in/
Netherlands,http://abubakrmasjid.net/
New Zealand,https://www.islamicfinder.org/
New Zealand,https://muslimandquran.com/
New Zealand,https://app.muslimpro.com/
New Zealand,https://fianz.com/
New Zealand,http://www.iman.co.nz/
New Zealand,https://masjideumar.co.nz/
New Zealand,https://masjidbox.com/
New Zealand,https://www.prayertime.online/
New Zealand,https://timesprayer.org/
New Zealand,https://hamariweb.com/
New Zealand,https://en.wikipedia.org/
New Zealand,https://islamicfinder.org/
New Zealand,http://iman.co.nz/
New Zealand,https://prayertime.online/
New Zealand,https://islamuna.com/
New Zealand,https://timesprayer.com/
New Zealand,https://www.urdupoint.com/
New Zealand,https://prayertimes.date/
New Zealand,https://prayerazan.com/
New Zealand,https://aladhan.com/
New Zealand,https://www.waikatomuslims.org.nz/
New Zealand,https://urdupoint.com/
New Zealand,https://waikatomuslims.org.nz/
New Zealand,https://salattimes.com/
New Zealand,https://prayertimes.one/
New Zealand,https://salaah-times.com/
New Zealand,https://isubqo.com/
New Zealand,https://praywatch.islamicity.org/
New Zealand,https://www.salahtimes.com/
New Zealand,https://rojat.com/
New Zealand,https://www.prayerstimings.com/
New Zealand,https://salahtimes.com/
New Zealand,https://prayerstimings.com/
New Zealand,https://masjidannur.org.nz/
New Zealand,https://prayertim.es/
New Zealand,https://salatey.com/
New Zealand,https://salah.com/
New Zealand,https://www.muis.gov.sg/
New Zealand,https://muis.gov.sg/
New Zealand,https://en.salatey.com/
New Zealand,https://manawatumuslims.org.nz/
New Zealand,https://www.satsang.org.in/
New Zealand,https://my-masjid.com/
New Zealand,https://duaruqyah.com/
New Zealand,https://praytime.info/
New Zealand,https://satsang.org.in/
Norway,https://www.islamicfinder.org/
Norway,https://hamariweb.com/
Norway,https://muslimandquran.com/
Norway,https://app.muslimpro.com/
Norway,https://www.salahtimes.com/
Norway,https://prayertim.es/
Norway,https://timesprayer.org/
Norway,https://www.al-hamdoulillah.com/
Norway,https://www.edarabia.com/
Norway,https://islamicfinder.org/
Norway,https://salahtimes.com/
Norway,https://al-hamdoulillah.com/
Norway,https://edarabia.com/
Norway,https://prayertimes.one/
Norway,https://timesprayer.com/
Norway,https://prayertimes.date/
Norway,https://aladhan.com/
Norway,https://www.salattimes.net/
Norway,https://sunsetsunrisetime.com/
Norway,https://salah.com/
Norway,https://salattimes.net/
Norway,https://athanpro.com/
Norway,https://www.rabita.no/
Norway,https://praytime.info/
Norway,https://www.dawateislami.net/
Norway,https://isubqo.com/
Norway,https://prayerazan.com/
Norway,https://www.prayertime.online/
Norway,https://salattimes.com/
Norway,https://www.urdupoint.com/
Norway,https://rabita.no/
Norway,https://dawateislami.net/
Norway,https://prayertime.online/
Norway,https://urdupoint.com/
Norway,https://prayer-times.info/
Norway,https://www.awqaf.gov.ae/
Norway,https://www.prayertime.net/
Norway,https://www.mwaqet.net/
Norway,https://www.muis.gov.sg/
Norway,https://www.muslimaid.org/
Norway,https://awqaf.gov.ae/
Norway,https://prayertime.net/
Norway,https://mwaqet.net/
Norway,https://muis.gov.sg/
Norway,https://www.qib.com.qa/
Norway,https://www.khaleejtimes.com/
Norway,https://en.salatey.com/
Norway,https://mawaqitsalat.com/
Norway,https://praytimes.today/
Norway,https://tasbihfy.com/
Norway,https://mawaqitalsalah.com/
Norway,https://www.islamic-relief.org.uk/
Norway,https://www.orphansinneed.org.uk/
Norway,https://qib.com.qa/
Norway,https://khaleejtimes.com/
Norway,https://islamic-relief.org.uk/
Poland,https://www.islamicfinder.org/
Poland,https://timesprayer.com/
Poland,https://prayertim.es/
Poland,https://mawaqit.net/
Poland,https://www.edarabia.com/
Poland,https://app.muslimpro.com/
Poland,https://athanpro.com/
Poland,https://timesprayer.org/
Poland,https://en.wikipedia.org/
Poland,https://islamicfinder.org/
Poland,https://edarabia.com/
Poland,https://www.namazvakti.com/
Poland,https://salattimes.com/
Poland,https://www.prayertime.online/
Poland,https://salaah-times.com/
Poland,https://salah.com/
Poland,https://www.true-time.com/
Poland,https://prayertimes.one/
Poland,https://prayertimes.date/
Poland,https://muslimandquran.com/
Poland,https://namaz.io/
Poland,https://namazvakti.com/
Poland,https://prayertime.online/
Poland,https://true-time.com/
Poland,https://en.salatey.com/
Poland,https://www.prayerstimings.com/
Poland,https://www.salahtimes.com/
Poland,https://www.al-hamdoulillah.com/
Poland,https://isubqo.com/
Poland,https://www.qib.com.qa/
Poland,https://prayerstimings.com/
Poland,https://salahtimes.com/
Poland,https://al-hamdoulillah.com/
Poland,https://qib.com.qa/
Poland,https://praytime.info/
Poland,https://en.namaz.pro/
Poland,https://www.awqaf.gov.ae/
Poland,https://www.meteo.tn/
Poland,https://islamchannel.tv/
Poland,https://www.muis.gov.sg/
Poland,https://www.khaleejtimes.com/
Poland,https://www.aishamosque.org/
Poland,https://awqaf.gov.ae/
Poland,https://meteo.tn/
Poland,https://muis.gov.sg/
Poland,https://khaleejtimes.com/
Poland,https://aishamosque.org/
Poland,https://greenlanemasjid.org/
Poland,https://www.uma.org.au/
Poland,https://www.islamic-relief.org.uk/
Poland,https://prayerazan.com/
Poland,https://cambridgecentralmosque.org/
Poland,https://www.al-habib.info/
Poland,https://fianz.com/
Poland,https://gulfnews.com/
Poland,https://uma.org.au/
Poland,https://islamic-relief.org.uk/
Poland,https://al-habib.info/
Portugal,https://www.islamicfinder.org/
Portugal,https://mawaqit.net/
Portugal,https://app.muslimpro.com/
Portugal,https://athanpro.com/
Portugal,https://muslimandquran.com/
Portugal,https://www.salahtimes.com/
Portugal,https://hamariweb.com/
Portugal,https://www.prayertime.online/
Portugal,https://www.edarabia.com/
Portugal,https://pt.wikipedia.org/
Portugal,https://islamicfinder.org/
Portugal,https://salahtimes.com/
Portugal,https://prayertime.online/
Portugal,https://edarabia.com/
Portugal,https://salattimes.com/
Portugal,https://timesprayer.org/
Portugal,https://prayertimes.date/
Portugal,https://timesprayer.com/
Portugal,https://islamuna.com/
Portugal,https://www.urdupoint.com/
Portugal,https://aladhan.com/
Portugal,https://prayertimes.one/
Portugal,https://sunsetsunrisetime.com/
Portugal,https://urdupoint.com/
Portugal,https://salah.com/
Portugal,https://www.prayerstimings.com/
Portugal,https://duaruqyah.com/
Portugal,https://prayertim.es/
Portugal,https://www.quranbookk.com/
Portugal,https://www.islamiccal.com/
Portugal,https://prayerstimings.com/
Portugal,https://quranbookk.com/
Portugal,https://islamiccal.com/
Portugal,https://praytime.info/
Portugal,https://salatey.com/
Portugal,https://www.qib.com.qa/
Portugal,https://quwwateducationcentre.org.uk/
Portugal,https://prayerazan.com/
Portugal,https://www.meteo.tn/
Portugal,https://www.awqaf.gov.ae/
Portugal,https://qib.com.qa/
Portugal,https://meteo.tn/
Portugal,https://awqaf.gov.ae/
Portugal,https://greenlanemasjid.org/
Portugal,https://www.muis.gov.sg/
Portugal,https://en.wikipedia.org/
Portugal,https://www.aishamosque.org/
Portugal,https://www.uma.org.au/
Portugal,https://www.islamic-relief.org.uk/
Portugal,https://muis.gov.sg/
Portugal,https://aishamosque.org/
Portugal,https://uma.org.au/
Portugal,https://islamic-relief.org.uk/
Romania,https://www.islamicfinder.org/
Romania,https://timesprayer.org/
Romania,https://app.muslimpro.com/
Romania,https://www.edarabia.com/
Romania,https://www.salahtimes.com/
Romania,https://athanpro.com/
Romania,https://muslimandquran.com/
Romania,https://timesprayer.com/
Romania,https://ro.wikipedia.org/
Romania,https://islamicfinder.org/
Romania,https://edarabia.com/
Romania,https://salahtimes.com/
Romania,https://salattimes.com/
Romania,https://hamariweb.com/
Romania,https://www.prayertime.online/
Romania,https://prayertimes.date/
Romania,https://prayer-times.info/
Romania,https://aladhan.com/
Romania,https://salah.com/
Romania,https://salaah-times.com/
Romania,https://prayertime.online/
Romania,https://isubqo.com/
Romania,https://prayertim.es/
Romania,https://en.wikipedia.org/
Romania,https://praytime.info/
Romania,https://www.al-hamdoulillah.com/
Romania,https://duaruqyah.com/
Romania,https://www.qib.com.qa/
Romania,https://www.prayerstimings.com/
Romania,https://al-hamdoulillah.com/
Romania,https://qib.com.qa/
Romania,https://prayerstimings.com/
Romania,https://www.urdupoint.com/
Romania,https://quwwateducationcentre.org.uk/
Romania,https://namaz.io/
Romania,https://www.awqaf.gov.ae/
Romania,https://en.salatey.com/
Romania,https://www.meteo.tn/
Romania,https://islamchannel.tv/
Romania,https://urdupoint.com/
Romania,https://awqaf.gov.ae/
Romania,https://meteo.tn/
Romania,https://www.aishamosque.org/
Romania,https://www.muis.gov.sg/
Romania,https://greenlanemasjid.org/
Romania,https://www.khaleejtimes.com/
Romania,https://www.uma.org.au/
Romania,https://cambridgecentralmosque.org/
Romania,https://www.islamic-relief.org.uk/
Romania,https://aishamosque.org/
Romania,https://muis.gov.sg/
Romania,https://khaleejtimes.com/
Romania,https://uma.org.au/
Romania,https://islamic-relief.org.uk/
Russia,https://www.islamicfinder.org/
Russia,https://timesprayer.com/
Russia,https://app.muslimpro.com/
Russia,https://timesprayer.org/
Russia,https://www.edarabia.com/
Russia,https://hamariweb.com/
Russia,https://muslimandquran.com/
Russia,https://www.islamic-relief.org.uk/
Russia,https://www.mymasjid.ca/
Russia,https://en.wikipedia.org/
Russia,https://prayertimes.date/
Russia,https://www.salahtimes.com/
Russia,https://www.goarch.org/
Russia,https://islamicfinder.org/
Russia,https://edarabia.com/
Russia,https://islamic-relief.org.uk/
Russia,https://mymasjid.ca/
Russia,https://salahtimes.com/
Russia,https://isubqo.com/
Russia,https://muslims.global/
Russia,https://www.prayertime.net/
Russia,https://salah.com/
Russia,https://prayertime-in.com/
Russia,https://quranonline.net/
Russia,https://praytime.info/
Russia,https://athanpro.com/
Russia,http://russia.prayertiming.net/
Russia,https://prayertime.net/
Russia,https://en.namaz.pro/
Russia,https://www.itsprayertime.com/
Russia,https://times-prayer.com/
Russia,https://prayerazan.com/
Russia,https://www.urdupoint.com/
Russia,https://www.prayerstimings.com/
Russia,https://namozvaqtlari.com/
Russia,https://www.qib.com.qa/
Russia,https://itsprayertime.com/
Russia,https://urdupoint.com/
Russia,https://prayerstimings.com/
Russia,https://qib.com.qa/
Russia,https://quwwateducationcentre.org.uk/
Russia,https://www.awqaf.gov.ae/
Russia,https://www.aishamosque.org/
Russia,https://islamchannel.tv/
Russia,https://www.khaleejtimes.com/
Russia,https://www.youtube.com/
Russia,https://www.meteo.tn/
Russia,https://awqaf.gov.ae/
Russia,https://aishamosque.org/
Russia,https://khaleejtimes.com/
Russia,https://Просмотров:/
Russia,https://meteo.tn/
Russia,https://www.uma.org.au/
Russia,https://prayergo.com/
Russia,https://www.muis.gov.sg/
Russia,https://greenlanemasjid.org/
Russia,https://www.yorkmosque.com/
Russia,https://eservices.iacad.gov.ae/
Russia,https://prayertim.es/
Russia,https://ziacademy.org/
Russia,https://namaz.io/
Russia,https://uma.org.au/
Russia,https://muis.gov.sg/
Russia,https://yorkmosque.com/
South Africa,https://www.islamicfinder.org/
South Africa,https://salaahtimes.co.za/
South Africa,https://app.muslimpro.com/
South Africa,https://www.islamic-relief.org.za/
South Africa,https://www.islamweb.net/
South Africa,https://www.edarabia.com/
South Africa,https://afosa.org/
South Africa,https://radioislam.co.za/
South Africa,https://timesprayer.com/
South Africa,https://athanpro.com/
South Africa,https://www.prayertime.online/
South Africa,https://en.wikipedia.org/
South Africa,https://islamicfinder.org/
South Africa,https://islamic-relief.org.za/
South Africa,https://islamweb.net/
South Africa,https://edarabia.com/
South Africa,https://prayertime.online/
South Africa,https://timesprayer.org/
South Africa,https://salah.com/
South Africa,https://www.dawateislami.net/
South Africa,https://prayertimes.date/
South Africa,https://hamariweb.com/
South Africa,https://isubqo.com/
South Africa,https://dawateislami.net/
South Africa,https://prayertimes.one/
South Africa,https://salaah-times.com/
South Africa,https://rojat.com/
South Africa,https://vocfm.co.za/
South Africa,https://www.salahtimes.com/
South Africa,https://esalah.com/
South Africa,https://www.prayerstimings.com/
South Africa,https://salahtimes.com/
South Africa,https://prayerstimings.com/
South Africa,https://www.urdupoint.com/
South Africa,https://salattimes.com/
South Africa,https://www.qib.com.qa/
South Africa,https://www.youtube.com/
South Africa,https://www.awqaf.gov.ae/
South Africa,https://www.muis.gov.sg/
South Africa,https://www.khaleejtimes.com/
South Africa,https://praytime.info/
South Africa,https://urdupoint.com/
South Africa,https://qib.com.qa/
South Africa,https://30+/
South Africa,https://awqaf.gov.ae/
South Africa,https://muis.gov.sg/
South Africa,https://khaleejtimes.com/
South Africa,https://www.satsang.org.in/
South Africa,https://www.islamicreliefcanada.org/
South Africa,https://www.alislam.org/
South Africa,https://270+/
South Africa,https://satsang.org.in/
South Africa,https://islamicreliefcanada.org/
South Africa,https://alislam.org/
Spain,https://praytime.info/
Spain,https://salah.com/
Spain,https://www.islamicfinder.org/
Spain,https://msamadison.com/
Spain,https://www.isgoc.com/
Spain,https://app.muslimpro.com/
Spain,https://masjidbox.com/
Spain,https://en.wikipedia.org/
Spain,https://icpcnj.org/
Spain,https://islamicfinder.org/
Spain,https://isgoc.com/
Spain,https://icomd.org/
Spain,https://icdonline.org/
Spain,http://www.everettmasjid.org/
Spain,https://www.icoi.net/
Spain,https://fianz.com/
Spain,https://iec-houston.org/
Spain,https://www.al-hidaya.org/
Spain,https://icliny.org/
Spain,https://diyanetamerica.org/
Spain,http://everettmasjid.org/
Spain,https://icoi.net/
Spain,https://al-hidaya.org/
Spain,https://www.icbcs.org/
Spain,https://raleighmasjid.org/
Spain,https://orlandparkprayercenter.org/
Spain,https://cambridgecentralmosque.org/
Spain,https://isaugusta.com/
Spain,https://timesprayer.com/
Spain,https://www.noorohio.org/
Spain,https://www.islamic-relief.org.uk/
Spain,https://www.khaleejtimes.com/
Spain,https://www.uma.org.au/
Spain,https://icbcs.org/
Spain,https://noorohio.org/
Spain,https://islamic-relief.org.uk/
Spain,https://khaleejtimes.com/
Spain,https://uma.org.au/
Spain,https://www.mcabayarea.org/
Spain,https://mapsredmond.org/
Spain,https://adamscenter.org/
Spain,https://iant.com/
Spain,https://www.islamicity.org/
Spain,https://goldenmosque.org/
Spain,https://iagd.net/
Spain,https://greenlanemasjid.org/
Spain,https://iccicenter.org/
Spain,https://mcabayarea.org/
Spain,https://islamicity.org/
Spain,https://islamchannel.tv/
Spain,https://assaber.org/
Spain,https://iccdmasjid.org/
Spain,https://www.eastsidemosque.com/
Spain,https://www.lincolncentralmosque.org.uk/
Spain,https://www.edarabia.com/
Spain,https://masjidomar.org/
Spain,https://isb.org/
Spain,https://www.awqaf.gov.ae/
Spain,https://eastsidemosque.com/
Spain,https://lincolncentralmosque.org.uk/
Spain,https://edarabia.com/
Spain,https://awqaf.gov.ae/
Sweden,https://www.islamicfinder.org/
Sweden,https://app.muslimpro.com/
Sweden,https://timesprayer.com/
Sweden,https://masjidbox.com/
Sweden,https://www.edarabia.com/
Sweden,https://athanpro.com/
Sweden,https://aladhan.com/
Sweden,https://islam.nu/
Sweden,https://hamariweb.com/
Sweden,https://assets.college.police.uk/
Sweden,https://islamicfinder.org/
Sweden,https://edarabia.com/
Sweden,https://www.urdupoint.com/
Sweden,https://timesprayer.org/
Sweden,https://prayertimes.date/
Sweden,http://sweden.prayertiming.net/
Sweden,https://isubqo.com/
Sweden,https://muslimandquran.com/
Sweden,https://salaah-times.com/
Sweden,https://esalah.com/
Sweden,https://salah.com/
Sweden,https://www.prayertime.online/
Sweden,https://urdupoint.com/
Sweden,https://prayertime.online/
Sweden,https://praywatch.islamicity.org/
Sweden,https://salattimes.com/
Sweden,https://www.quranbookk.com/
Sweden,https://prayerazan.com/
Sweden,https://praytime.info/
Sweden,https://rojat.com/
Sweden,https://www.salahtimes.com/
Sweden,https://en.wikipedia.org/
Sweden,https://quranbookk.com/
Sweden,https://salahtimes.com/
Sweden,https://en.islamery.com/
Sweden,https://www.qib.com.qa/
Sweden,https://www.khaleejtimes.com/
Sweden,https://www.muis.gov.sg/
Sweden,https://praytimes.com/
Sweden,https://www.satsang.org.in/
Sweden,https://www.alislam.org/
Sweden,https://qib.com.qa/
Sweden,https://khaleejtimes.com/
Sweden,https://muis.gov.sg/
Sweden,https://satsang.org.in/
Sweden,https://alislam.org/
Sweden,https://www.awqaf.gov.ae/
Sweden,https://islamchannel.tv/
Sweden,https://greenlanemasjid.org/
Sweden,https://www.aishamosque.org/
Sweden,https://www.islamic-relief.org.uk/
Sweden,https://cambridgecentralmosque.org/
Sweden,https://fianz.com/
Sweden,http://centralmosque.org.uk/
Sweden,https://www.meteo.tn/
Sweden,https://awqaf.gov.ae/
Sweden,https://aishamosque.org/
Sweden,https://islamic-relief.org.uk/
Sweden,https://meteo.tn/
Switzerland,https://www.islamicfinder.org/
Switzerland,https://app.muslimpro.com/
Switzerland,https://timesprayer.com/
Switzerland,https://www.prayertime.online/
Switzerland,https://muslimandquran.com/
Switzerland,https://www.masjid.ch/
Switzerland,https://www.salahtimes.com/
Switzerland,https://aladhan.com/
Switzerland,https://timesprayer.org/
Switzerland,https://de.wikipedia.org/
Switzerland,https://islamicfinder.org/
Switzerland,https://prayertime.online/
Switzerland,https://masjid.ch/
Switzerland,https://salahtimes.com/
Switzerland,https://salattimes.com/
Switzerland,https://ccmgl.ch/
Switzerland,https://mawaqit.net/
Switzerland,https://prayertimes.date/
Switzerland,https://salah.com/
Switzerland,https://isubqo.com/
Switzerland,https://hamariweb.com/
Switzerland,https://www.urdupoint.com/
Switzerland,https://salaah-times.com/
Switzerland,https://urdupoint.com/
Switzerland,https://praytime.info/
Switzerland,https://prayertim.es/
Switzerland,https://islamictimedate.com/
Switzerland,https://athanpro.com/
Switzerland,https://www.qib.com.qa/
Switzerland,https://www.edarabia.com/
Switzerland,https://en.wikipedia.org/
Switzerland,https://qib.com.qa/
Switzerland,https://edarabia.com/
Switzerland,https://www.muis.gov.sg/
Switzerland,https://prayerazan.com/
Switzerland,https://duaruqyah.com/
Switzerland,https://islamchannel.tv/
Switzerland,https://apps.apple.com/
Switzerland,https://www.meteo.tn/
Switzerland,https://muis.gov.sg/
Switzerland,https://meteo.tn/
Switzerland,https://prayertimes.one/
Switzerland,https://www.khaleejtimes.com/
Switzerland,https://www.awqaf.gov.ae/
Switzerland,https://cambridgecentralmosque.org/
Switzerland,https://www.islamic-relief.org.uk/
Switzerland,https://fianz.com/
Switzerland,https://khaleejtimes.com/
Switzerland,https://awqaf.gov.ae/
Switzerland,https://islamic-relief.org.uk/
Turkey,https://www.islamicfinder.org/
Turkey,https://namazvakitleri.diyanet.gov.tr/
Turkey,https://timesprayer.com/
Turkey,https://www.edarabia.com/
Turkey,https://app.muslimpro.com/
Turkey,https://timesprayer.org/
Turkey,https://www.prayertime.online/
Turkey,https://muslimandquran.com/
Turkey,https://www.salahtimes.com/
Turkey,https://aladhan.com/
Turkey,https://www.islamic-relief.org.uk/
Turkey,https://turkeytravelplanner.com/
Turkey,https://tr.wikipedia.org/
Turkey,https://islamicfinder.org/
Turkey,https://edarabia.com/
Turkey,https://prayertime.online/
Turkey,https://salahtimes.com/
Turkey,https://islamic-relief.org.uk/
Turkey,https://salattimes.com/
Turkey,https://prayertimes.date/
Turkey,https://hamariweb.com/
Turkey,https://www.yenisafak.com/
Turkey,https://salah.com/
Turkey,https://athanpro.com/
Turkey,https://yenisafak.com/
Turkey,https://muze.gen.tr/
Turkey,https://www.urdupoint.com/
Turkey,https://isubqo.com/
Turkey,https://prayertim.es/
Turkey,https://pray-times.com/
Turkey,https://salaah-times.com/
Turkey,https://www.awqaf.gov.ae/
Turkey,https://www.khaleejtimes.com/
Turkey,https://urdupoint.com/
Turkey,https://awqaf.gov.ae/
Turkey,https://khaleejtimes.com/
Turkey,https://islamicprayertimes.info/
Turkey,https://praytime.info/
Turkey,https://en.wikipedia.org/
Turkey,https://www.muis.gov.sg/
Turkey,https://www.qib.com.qa/
Turkey,https://www.youtube.com/
Turkey,https://cambridgecentralmosque.org/
Turkey,https://prayerazan.com/
Turkey,https://muis.gov.sg/
Turkey,https://qib.com.qa/
Turkey,https://777,1/
Turkey,https://www.prayertime.net/
Turkey,https://www.satsang.org.in/
Turkey,https://www.uma.org.au/
Turkey,https://islamchannel.tv/
Turkey,http://turkey.prayertiming.net/
Turkey,https://praytimes.today/
Turkey,https://prayertime.net/
Turkey,https://satsang.org.in/
Turkey,https://uma.org.au/
Turkey,https://21,1/
UK,https://www.islamic-relief.org.uk/
UK,https://www.eastlondonmosque.org.uk/
UK,https://islamchannel.tv/
UK,https://www.londonprayertimes.com/
UK,https://ic-el.uk/
UK,https://cambridgecentralmosque.org/
UK,https://shahjahanmosque.org.uk/
UK,https://www.oxcis.ac.uk/
UK,https://quwwatulislam.org/
UK,https://app.muslimpro.com/
UK,https://islamic-relief.org.uk/
UK,https://eastlondonmosque.org.uk/
UK,https://londonprayertimes.com/
UK,https://oxcis.ac.uk/
UK,https://lewishamislamiccentre.com/
UK,https://hounslowmasjid.co.uk/
UK,https://www.islamicfinder.org/
UK,https://timesprayer.com/
UK,http://centralmosque.org.uk/
UK,https://ianl.org.uk/
UK,https://www.towerhamletsmosques.co.uk/
UK,https://www.masjidibrahim.co.uk/
UK,https://gicuk.org/
UK,https://masjidabubakr.co.uk/
UK,https://islamicfinder.org/
UK,https://towerhamletsmosques.co.uk/
UK,https://masjidibrahim.co.uk/
UK,https://www.dawateislami.net/
UK,https://balhammosque.org/
UK,https://www.croydonmosque.com/
UK,https://najaf.org/
UK,https://wembleycentralmasjid.co.uk/
UK,https://greenlanemasjid.org/
UK,https://madina-masjid.org.uk/
UK,https://www.kingstonmosque.org/
UK,https://harrowmosque.org.uk/
UK,https://dawateislami.net/
UK,https://croydonmosque.com/
UK,https://kingstonmosque.org/
UK,https://hayesmuslimcentre.org.uk/
UK,https://aladhan.com/
UK,https://haveringislamiccentre.org.uk/
UK,https://www.readingmosque.com/
UK,https://www.miconline.co.uk/
UK,https://elmtimes.com/
UK,https://www.inspirefm.org/
UK,https://www.abubakrmosque-southall.org.uk/
UK,https://www.edarabia.com/
UK,https://readingmosque.com/
UK,https://miconline.co.uk/
UK,https://inspirefm.org/
UK,https://abubakrmosque-southall.org.uk/
UK,https://edarabia.com/
UK,https://watch.islamchannel.tv/
UK,https://essexmasjid.com/
UK,https://buryparkmasjid.co.uk/
UK,https://hounslowmuslimcentre.com/
UK,https://www.maidenheadmosque.org/
UK,https://maidstonemosque.com/
UK,https://hamariweb.com/
UK,https://www.aishamosque.org/
UK,http://www.abubakrmasjid.net/
UK,https://maidenheadmosque.org/
UK,https://aishamosque.org/
UK,http://abubakrmasjid.net/
USA,https://www.islamicfinder.org/
USA,https://www.salahtimes.com/
USA,https://praytime.info/
USA,https://salah.com/
USA,https://www.quranbookk.com/
USA,https://muslimandquran.com/
USA,https://isubqo.com/
USA,https://www.edarabia.com/
USA,https://islamicfinder.org/
USA,https://salahtimes.com/
USA,https://quranbookk.com/
USA,https://edarabia.com/
USA,https://en.wikipedia.org/
USA,https://prayertimes.date/
USA,https://app.muslimpro.com/
USA,https://prayerazan.com/
USA,https://hamariweb.com/
USA,https://www.urdupoint.com/
USA,https://timesprayer.org/
USA,https://msamadison.com/
USA,https://urdupoint.com/
USA,https://www.isgoc.com/
USA,https://en.islamery.com/
USA,https://www.youtube.com/
USA,https://www.muis.gov.sg/
USA,https://www.searchtruth.com/
USA,https://www.instagram.com/
USA,https://icomd.org/
USA,https://islamchannel.tv/
USA,https://isgoc.com/
USA,https://2.4K+/
USA,https://muis.gov.sg/
USA,https://searchtruth.com/
USA,https://150+/
USA,https://namazvakitleri.com.tr/
USA,https://www.al-hidaya.org/
USA,https://isaugusta.com/
USA,https://icdonline.org/
USA,https://timesprayer.com/
USA,https://icpcnj.org/
USA,https://diyanetamerica.org/
USA,https://al-hidaya.org/
USA,https://770+/
USA,https://12.8K+/
USA,https://ziacademy.org/
USA,https://www.tiktok.com/
USA,https://1.4K+/
USA,https://120+/